red,green,blue
0.43536376953125,0.37060546875,0.158218383789063
0.218704223632813,0.699234008789063,0.0820465087890625
0.0097808837890625,0.06427001953125,0.751052856445313
